-- MariaDB dump 10.19  Distrib 10.6.7-MariaDB, for debian-linux-gnu (x86_64)
--
-- Host: localhost    Database: studentdb
-- ------------------------------------------------------
-- Server version	10.6.7-MariaDB-3

/*!40101 SET @OLD_CHARACTER_SET_CLIENT=@@CHARACTER_SET_CLIENT */;
/*!40101 SET @OLD_CHARACTER_SET_RESULTS=@@CHARACTER_SET_RESULTS */;
/*!40101 SET @OLD_COLLATION_CONNECTION=@@COLLATION_CONNECTION */;
/*!40101 SET NAMES utf8mb4 */;
/*!40103 SET @OLD_TIME_ZONE=@@TIME_ZONE */;
/*!40103 SET TIME_ZONE='+00:00' */;
/*!40014 SET @OLD_UNIQUE_CHECKS=@@UNIQUE_CHECKS, UNIQUE_CHECKS=0 */;
/*!40014 SET @OLD_FOREIGN_KEY_CHECKS=@@FOREIGN_KEY_CHECKS, FOREIGN_KEY_CHECKS=0 */;
/*!40101 SET @OLD_SQL_MODE=@@SQL_MODE, SQL_MODE='NO_AUTO_VALUE_ON_ZERO' */;
/*!40111 SET @OLD_SQL_NOTES=@@SQL_NOTES, SQL_NOTES=0 */;

--
-- Table structure for table `local`
--

DROP TABLE IF EXISTS `local`;
/*!40101 SET @saved_cs_client     = @@character_set_client */;
/*!40101 SET character_set_client = utf8 */;
CREATE TABLE `local` (
  `id` int(11) NOT NULL AUTO_INCREMENT,
  `name` varchar(60) DEFAULT NULL,
  `state_id` int(11) DEFAULT NULL,
  `state_name_id` varchar(55) DEFAULT NULL,
  PRIMARY KEY (`id`)
) ENGINE=InnoDB AUTO_INCREMENT=748 DEFAULT CHARSET=utf8mb4;
/*!40101 SET character_set_client = @saved_cs_client */;

--
-- Dumping data for table `local`
--

LOCK TABLES `local` WRITE;
/*!40000 ALTER TABLE `local` DISABLE KEYS */;
INSERT INTO `local` VALUES (1,'Aba North',1,'Abia State'),(2,'Aba South',1,'Abia State'),(3,'Arochukwu',1,'Abia State'),(4,'Bende',1,'Abia State'),(5,'Ikwuano',1,'Abia State'),(6,'Isiala Ngwa North',1,'Abia State'),(7,'Isiala Ngwa South',1,'Abia State'),(8,'Isuikwuato',1,'Abia State'),(9,'Obi Ngwa',1,'Abia State'),(10,'Ohafia',1,'Abia State'),(11,'Osisioma',1,'Abia State'),(12,'Ugwunagbo',1,'Abia State'),(13,'Ukwa East',1,'Abia State'),(14,'Ukwa West',1,'Abia State'),(15,'Umuahia North',1,'Abia State'),(16,'Umuahia South',1,'Abia State'),(17,'Umu Nneochi',1,'Abia State'),(18,'Demsa',2,'Adamawa State'),(19,'Fufure',2,'Adamawa State'),(20,'Ganye',2,'Adamawa State'),(21,'Gayuk',2,'Adamawa State'),(22,'Gombi',2,'Adamawa State'),(23,'Grie',2,'Adamawa State'),(24,'Hong',2,'Adamawa State'),(25,'Jada',2,'Adamawa State'),(26,'Lamurde',2,'Adamawa State'),(27,'Madagali',2,'Adamawa State'),(28,'Maiha',2,'Adamawa State'),(29,'Mayo Belwa',2,'Adamawa State'),(30,'Michika',2,'Adamawa State'),(31,'Mubi North',2,'Adamawa State'),(32,'Mubi South',2,'Adamawa State'),(33,'Numan',2,'Adamawa State'),(34,'Shelleng',2,'Adamawa State'),(35,'Song',2,'Adamawa State'),(36,'Toungo',2,'Adamawa State'),(37,'Yola North',2,'Adamawa State'),(38,'Yola South',2,'Adamawa State'),(39,'Abak',3,'Akwa Ibom State'),(40,'Eastern Obolo',3,'Akwa Ibom State'),(41,'Eket',3,'Akwa Ibom State'),(42,'Esit Eket',3,'Akwa Ibom State'),(43,'Essien Udim',3,'Akwa Ibom State'),(44,'Etim Ekpo',3,'Akwa Ibom State'),(45,'Etinan',3,'Akwa Ibom State'),(46,'Ibeno',3,'Akwa Ibom State'),(47,'Ibesikpo Asutan',3,'Akwa Ibom State'),(48,'Ibiono-Ibom',3,'Akwa Ibom State'),(49,'Ika',3,'Akwa Ibom State'),(50,'Ikono',3,'Akwa Ibom State'),(51,'Ikot Abasi',3,'Akwa Ibom State'),(52,'Ikot Ekpene',3,'Akwa Ibom State'),(53,'Ini',3,'Akwa Ibom State'),(54,'Itu',3,'Akwa Ibom State'),(55,'Mbo',3,'Akwa Ibom State'),(56,'Mkpat-Enin',3,'Akwa Ibom State'),(57,'Nsit-Atai',3,'Akwa Ibom State'),(58,'Nsit-Ibom',3,'Akwa Ibom State'),(59,'Nsit-Ubium',3,'Akwa Ibom State'),(60,'Obot Akara',3,'Akwa Ibom State'),(61,'Okobo',3,'Akwa Ibom State'),(62,'Onna',3,'Akwa Ibom State'),(63,'Oron',3,'Akwa Ibom State'),(64,'Oruk Anam',3,'Akwa Ibom State'),(65,'Udung-Uko',3,'Akwa Ibom State'),(66,'Ukanafun',3,'Akwa Ibom State'),(67,'Uruan',3,'Akwa Ibom State'),(68,'Urue-Offong Oruko',3,'Akwa Ibom State'),(69,'Uyo',3,'Akwa Ibom State'),(70,'Aguata',4,'Anambra State'),(71,'Anambra East',4,'Anambra State'),(72,'Anambra West',4,'Anambra State'),(73,'Anaocha',4,'Anambra State'),(74,'Awka North',4,'Anambra State'),(75,'Awka South',4,'Anambra State'),(76,'Ayamelum',4,'Anambra State'),(77,'Dunukofia',4,'Anambra State'),(78,'Ekwusigo',4,'Anambra State'),(79,'Idemili North',4,'Anambra State'),(80,'Idemili South',4,'Anambra State'),(81,'Ihiala',4,'Anambra State'),(82,'Njikoka',4,'Anambra State'),(83,'Nnewi North',4,'Anambra State'),(84,'Nnewi South',4,'Anambra State'),(85,'Ogbaru',4,'Anambra State'),(86,'Onitsha North',4,'Anambra State'),(87,'Onitsha South',4,'Anambra State'),(88,'Orumba North',4,'Anambra State'),(89,'Orumba South',4,'Anambra State'),(90,'Oyi',4,'Anambra State'),(91,'Alkaleri',5,'Bauchi State'),(92,'Bauchi',5,'Bauchi State'),(93,'Bogoro',5,'Bauchi State'),(94,'Damban',5,'Bauchi State'),(95,'Darazo',5,'Bauchi State'),(96,'Dass',5,'Bauchi State'),(97,'Gamawa',5,'Bauchi State'),(98,'Ganjuwa',5,'Bauchi State'),(99,'Giade',5,'Bauchi State'),(100,'Itas Gadau',5,'Bauchi State'),(101,'Jamaare',5,'Bauchi State'),(102,'Katagum',5,'Bauchi State'),(103,'Kirfi',5,'Bauchi State'),(104,'Misau',5,'Bauchi State'),(105,'Ningi',5,'Bauchi State'),(106,'Shira',5,'Bauchi State'),(107,'Tafawa Balewa',5,'Bauchi State'),(108,'Toro',5,'Bauchi State'),(109,'Warji',5,'Bauchi State'),(110,'Zaki',5,'Bauchi State'),(111,'Brass',6,'Bayelsa State'),(112,'Ekeremor',6,'Bayelsa State'),(113,'Kolokuma Opokuma',6,'Bayelsa State'),(114,'Nembe',6,'Bayelsa State'),(115,'Ogbia',6,'Bayelsa State'),(116,'Sagbama',6,'Bayelsa State'),(117,'Southern Ijaw',6,'Bayelsa State'),(118,'Yenagoa',6,'Bayelsa State'),(119,'Agatu',7,'Benue State'),(120,'Apa',7,'Benue State'),(121,'Ado',7,'Benue State'),(122,'Buruku',7,'Benue State'),(123,'Gboko',7,'Benue State'),(124,'Guma',7,'Benue State'),(125,'Gwer East',7,'Benue State'),(126,'Gwer West',7,'Benue State'),(127,'Katsina-Ala',7,'Benue State'),(128,'Konshisha',7,'Benue State'),(129,'Kwande',7,'Benue State'),(130,'Logo',7,'Benue State'),(131,'Makurdi',7,'Benue State'),(132,'Obi',7,'Benue State'),(133,'Ogbadibo',7,'Benue State'),(134,'Ohimini',7,'Benue State'),(135,'Oju',7,'Benue State'),(136,'Okpokwu',7,'Benue State'),(137,'Oturkpo',7,'Benue State'),(138,'Tarka',7,'Benue State'),(139,'Ukum',7,'Benue State'),(140,'Ushongo',7,'Benue State'),(141,'Vandeikya',7,'Benue State'),(142,'Abadam',8,'Borno State'),(143,'Askira Uba',8,'Borno State'),(144,'Bama',8,'Borno State'),(145,'Bayo',8,'Borno State'),(146,'Biu',8,'Borno State'),(147,'Chibok',8,'Borno State'),(148,'Damboa',8,'Borno State'),(149,'Dikwa',8,'Borno State'),(150,'Gubio',8,'Borno State'),(151,'Guzamala',8,'Borno State'),(152,'Gwoza',8,'Borno State'),(153,'Hawul',8,'Borno State'),(154,'Jere',8,'Borno State'),(155,'Kaga',8,'Borno State'),(156,'Kala Balge',8,'Borno State'),(157,'Konduga',8,'Borno State'),(158,'Kukawa',8,'Borno State'),(159,'Kwaya Kusar',8,'Borno State'),(160,'Mafa',8,'Borno State'),(161,'Magumeri',8,'Borno State'),(162,'Maiduguri',8,'Borno State'),(163,'Marte',8,'Borno State'),(164,'Mobbar',8,'Borno State'),(165,'Abi',9,'Cross River State'),(166,'Akamkpa',9,'Cross River State'),(167,'Akpabuyo',9,'Cross River State'),(168,'Bakassi',9,'Cross River State'),(169,'Bekwarra',9,'Cross River State'),(170,'Biase',9,'Cross River State'),(171,'Boki',9,'Cross River State'),(172,'Calabar Municipal',9,'Cross River State'),(173,'Calabar South',9,'Cross River State'),(174,'Etung',9,'Cross River State'),(175,'Ikom',9,'Cross River State'),(176,'Obanliku',9,'Cross River State'),(177,'Obubra',9,'Cross River State'),(178,'Obudu',9,'Cross River State'),(179,'Odukpani',9,'Cross River State'),(180,'Ogoja',9,'Cross River State'),(181,'Yakuur',9,'Cross River State'),(182,'Yala',9,'Cross River State'),(183,'Aniocha North',10,'Delta State'),(184,'Aniocha South',10,'Delta State'),(185,'Bomadi',10,'Delta State'),(186,'Burutu',10,'Delta State'),(187,'Ethiope East',10,'Delta State'),(188,'Ethiope West',10,'Delta State'),(189,'Ika North East',10,'Delta State'),(190,'Ika South',10,'Delta State'),(191,'Isoko North',10,'Delta State'),(192,'Isoko South',10,'Delta State'),(193,'Ndokwa East',10,'Delta State'),(194,'Ndokwa West',10,'Delta State'),(195,'Okpe',10,'Delta State'),(196,'Oshimili North',10,'Delta State'),(197,'Oshimili South',10,'Delta State'),(198,'Patani',10,'Delta State'),(199,'Sapele',10,'Delta State'),(200,'Udu',10,'Delta State'),(201,'Ughelli North',10,'Delta State'),(202,'Ughelli South',10,'Delta State'),(203,'Ukwuani',10,'Delta State'),(204,'Uvwie',10,'Delta State'),(205,'Warri North',10,'Delta State'),(206,'Warri South',10,'Delta State'),(207,'Warri South West',10,'Delta State'),(208,'Abakaliki',11,'Ebonyi State'),(209,'Afikpo North',11,'Ebonyi State'),(210,'Afikpo South',11,'Ebonyi State'),(211,'Ebonyi',11,'Ebonyi State'),(212,'Ezza North',11,'Ebonyi State'),(213,'Ezza South',11,'Ebonyi State'),(214,'Ikwo',11,'Ebonyi State'),(215,'Ishielu',11,'Ebonyi State'),(216,'Ivo',11,'Ebonyi State'),(217,'Izzi',11,'Ebonyi State'),(218,'Ohaozara',11,'Ebonyi State'),(219,'Ohaukwu',11,'Ebonyi State'),(220,'Onicha',11,'Ebonyi State'),(221,'Akoko-Edo',12,'Edo State'),(222,'Egor',12,'Edo State'),(223,'Esan Central',12,'Edo State'),(224,'Esan North-East',12,'Edo State'),(225,'Esan South-East',12,'Edo State'),(226,'Esan West',12,'Edo State'),(227,'Etsako Central',12,'Edo State'),(228,'Etsako East',12,'Edo State'),(229,'Etsako West',12,'Edo State'),(230,'Igueben',12,'Edo State'),(231,'Ikpoba Okha',12,'Edo State'),(232,'Orhionmwon',12,'Edo State'),(233,'Oredo',12,'Edo State'),(234,'Ovia North-East',12,'Edo State'),(235,'Ovia South-West',12,'Edo State'),(236,'Owan East',12,'Edo State'),(237,'Owan West',12,'Edo State'),(238,'Uhunmwonde',12,'Edo State'),(239,'Ado Ekiti',13,'Ekiti State'),(240,'Efon',13,'Ekiti State'),(241,'Ekiti East',13,'Ekiti State'),(242,'Ekiti South-West',13,'Ekiti State'),(243,'Ekiti West',13,'Ekiti State'),(244,'Emure',13,'Ekiti State'),(245,'Gbonyin',13,'Ekiti State'),(246,'Ido Osi',13,'Ekiti State'),(247,'Ijero',13,'Ekiti State'),(248,'Ikere',13,'Ekiti State'),(249,'Ikole',13,'Ekiti State'),(250,'Ilejemeje',13,'Ekiti State'),(251,'Irepodun Ifelodun',13,'Ekiti State'),(252,'Ise Orun',13,'Ekiti State'),(253,'Moba',13,'Ekiti State'),(254,'Oye',13,'Ekiti State'),(255,'Aninri',14,'Enugu State'),(256,'Awgu',14,'Enugu State'),(257,'Enugu East',14,'Enugu State'),(258,'Enugu North',14,'Enugu State'),(259,'Enugu South',14,'Enugu State'),(260,'Ezeagu',14,'Enugu State'),(261,'Igbo Etiti',14,'Enugu State'),(262,'Igbo Eze North',14,'Enugu State'),(263,'Igbo Eze South',14,'Enugu State'),(264,'Isi Uzo',14,'Enugu State'),(265,'Nkanu East',14,'Enugu State'),(266,'Nkanu West',14,'Enugu State'),(267,'Nsukka',14,'Enugu State'),(268,'Oji River',14,'Enugu State'),(269,'Udenu',14,'Enugu State'),(270,'Udi',14,'Enugu State'),(271,'Uzo Uwani',14,'Enugu State'),(272,'Abaji',15,'FCT'),(273,'Bwari',15,'FCT'),(274,'Gwagwalada',15,'FCT'),(275,'Kuje',15,'FCT'),(276,'Kwali',15,'FCT'),(277,'Municipal Area Council',15,'FCT'),(278,'Akko',16,'Gombe State'),(279,'Balanga',16,'Gombe State'),(280,'Billiri',16,'Gombe State'),(281,'Dukku',16,'Gombe State'),(282,'Funakaye',16,'Gombe State'),(283,'Gombe',16,'Gombe State'),(284,'Kaltungo',16,'Gombe State'),(285,'Kwami',16,'Gombe State'),(286,'Nafada',16,'Gombe State'),(287,'Shongom',16,'Gombe State'),(288,'Yamaltu Deba',16,'Gombe State'),(289,'Aboh Mbaise',17,'Imo State'),(290,'Ahiazu Mbaise',17,'Imo State'),(291,'Ehime Mbano',17,'Imo State'),(292,'Ezinihitte',17,'Imo State'),(293,'Ideato North',17,'Imo State'),(294,'Ideato South',17,'Imo State'),(295,'Ihitte Uboma',17,'Imo State'),(296,'Ikeduru',17,'Imo State'),(297,'Isiala Mbano',17,'Imo State'),(298,'Isu',17,'Imo State'),(299,'Mbaitoli',17,'Imo State'),(300,'Ngor Okpala',17,'Imo State'),(301,'Njaba',17,'Imo State'),(302,'Nkwerre',17,'Imo State'),(303,'Nwangele',17,'Imo State'),(304,'Obowo',17,'Imo State'),(305,'Oguta',17,'Imo State'),(306,'Ohaji Egbema',17,'Imo State'),(307,'Okigwe',17,'Imo State'),(308,'Orlu',17,'Imo State'),(309,'Orsu',17,'Imo State'),(310,'Oru East',17,'Imo State'),(311,'Oru West',17,'Imo State'),(312,'Owerri Municipal',17,'Imo State'),(313,'Owerri North',17,'Imo State'),(314,'Owerri West',17,'Imo State'),(315,'Unuimo',17,'Imo State'),(316,'Auyo',18,'Jigawa State'),(317,'Babura',18,'Jigawa State'),(318,'Biriniwa',18,'Jigawa State'),(319,'Birnin Kudu',18,'Jigawa State'),(320,'Buji',18,'Jigawa State'),(321,'Dutse',18,'Jigawa State'),(322,'Gagarawa',18,'Jigawa State'),(323,'Garki',18,'Jigawa State'),(324,'Gumel',18,'Jigawa State'),(325,'Guri',18,'Jigawa State'),(326,'Gwaram',18,'Jigawa State'),(327,'Gwiwa',18,'Jigawa State'),(328,'Hadejia',18,'Jigawa State'),(329,'Jahun',18,'Jigawa State'),(330,'Kafin Hausa',18,'Jigawa State'),(331,'Kazaure',18,'Jigawa State'),(332,'Kiri Kasama',18,'Jigawa State'),(333,'Kiyawa',18,'Jigawa State'),(334,'Kaugama',18,'Jigawa State'),(335,'Maigatari',18,'Jigawa State'),(336,'Malam Madori',18,'Jigawa State'),(337,'Miga',18,'Jigawa State'),(338,'Ringim',18,'Jigawa State'),(339,'Roni',18,'Jigawa State'),(340,'Sule Tankarkar',18,'Jigawa State'),(341,'Taura',18,'Jigawa State'),(342,'Yankwashi',18,'Jigawa State'),(343,'Birnin Gwari',19,'Kaduna State'),(344,'Chikun',19,'Kaduna State'),(345,'Giwa',19,'Kaduna State'),(346,'Igabi',19,'Kaduna State'),(347,'Ikara',19,'Kaduna State'),(348,'Jaba',19,'Kaduna State'),(349,'Jemaa',19,'Kaduna State'),(350,'Kachia',19,'Kaduna State'),(351,'Kaduna North',19,'Kaduna State'),(352,'Kaduna South',19,'Kaduna State'),(353,'Kagarko',19,'Kaduna State'),(354,'Kajuru',19,'Kaduna State'),(355,'Kaura',19,'Kaduna State'),(356,'Kauru',19,'Kaduna State'),(357,'Kubau',19,'Kaduna State'),(358,'Kudan',19,'Kaduna State'),(359,'Lere',19,'Kaduna State'),(360,'Makarfi',19,'Kaduna State'),(361,'Sabon Gari',19,'Kaduna State'),(362,'Sanga',19,'Kaduna State'),(363,'Soba',19,'Kaduna State'),(364,'Zangon Kataf',19,'Kaduna State'),(365,'Zaria',19,'Kaduna State'),(366,'Ajingi',20,'Kano State'),(367,'Albasu',20,'Kano State'),(368,'Bagwai',20,'Kano State'),(369,'Bebeji',20,'Kano State'),(370,'Bichi',20,'Kano State'),(371,'Bunkure',20,'Kano State'),(372,'Dala',20,'Kano State'),(373,'Dambatta',20,'Kano State'),(374,'Dawakin Kudu',20,'Kano State'),(375,'Dawakin Tofa',20,'Kano State'),(376,'Doguwa',20,'Kano State'),(377,'Fagge',20,'Kano State'),(378,'Gabasawa',20,'Kano State'),(379,'Garko',20,'Kano State'),(380,'Garun Mallam',20,'Kano State'),(381,'Gaya',20,'Kano State'),(382,'Gezawa',20,'Kano State'),(383,'Gwale',20,'Kano State'),(384,'Gwarzo',20,'Kano State'),(385,'Kabo',20,'Kano State'),(386,'Kano Municipal',20,'Kano State'),(387,'Karaye',20,'Kano State'),(388,'Kibiya',20,'Kano State'),(389,'Kiru',20,'Kano State'),(390,'Kumbotso',20,'Kano State'),(391,'Kunchi',20,'Kano State'),(392,'Kura',20,'Kano State'),(393,'Madobi',20,'Kano State'),(394,'Makoda',20,'Kano State'),(395,'Minjibir',20,'Kano State'),(396,'Nasarawa',20,'Kano State'),(397,'Rano',20,'Kano State'),(398,'Rimin Gado',20,'Kano State'),(399,'Rogo',20,'Kano State'),(400,'Shanono',20,'Kano State'),(401,'Sumaila',20,'Kano State'),(402,'Takai',20,'Kano State'),(403,'Tarauni',20,'Kano State'),(404,'Tofa',20,'Kano State'),(405,'Tsanyawa',20,'Kano State'),(406,'Tudun Wada',20,'Kano State'),(407,'Ungogo',20,'Kano State'),(408,'Warawa',20,'Kano State'),(409,'Wudil',20,'Kano State'),(410,'Bakori',21,'Katsina State'),(411,'Batagarawa',21,'Katsina State'),(412,'Batsari',21,'Katsina State'),(413,'Baure',21,'Katsina State'),(414,'Bindawa',21,'Katsina State'),(415,'Charanchi',21,'Katsina State'),(416,'Dandume',21,'Katsina State'),(417,'Danja',21,'Katsina State'),(418,'Dan Musa',21,'Katsina State'),(419,'Daura',21,'Katsina State'),(420,'Dutsi',21,'Katsina State'),(421,'Dutsin Ma',21,'Katsina State'),(422,'Faskari',21,'Katsina State'),(423,'Funtua',21,'Katsina State'),(424,'Ingawa',21,'Katsina State'),(425,'Jibia',21,'Katsina State'),(426,'Kafur',21,'Katsina State'),(427,'Kaita',21,'Katsina State'),(428,'Kankara',21,'Katsina State'),(429,'Kankia',21,'Katsina State'),(430,'Katsina',21,'Katsina State'),(431,'Kurfi',21,'Katsina State'),(432,'Kusada',21,'Katsina State'),(433,'MaiAdua',21,'Katsina State'),(434,'Malumfashi',21,'Katsina State'),(435,'Mani',21,'Katsina State'),(436,'Mashi',21,'Katsina State'),(437,'Matazu',21,'Katsina State'),(438,'Rimi',21,'Katsina State'),(439,'Sabuwa',21,'Katsina State'),(440,'Safana',21,'Katsina State'),(441,'Sandamu',21,'Katsina State'),(442,'Zango',21,'Katsina State'),(443,'Aleiro',22,'Kebbi State'),(444,'Arewa Dandi',22,'Kebbi State'),(445,'Argungu',22,'Kebbi State'),(446,'Augie',22,'Kebbi State'),(447,'Bagudo',22,'Kebbi State'),(448,'Birnin Kebbi',22,'Kebbi State'),(449,'Bunza',22,'Kebbi State'),(450,'Dandi',22,'Kebbi State'),(451,'Fakai',22,'Kebbi State'),(452,'Gwandu',22,'Kebbi State'),(453,'Jega',22,'Kebbi State'),(454,'Kalgo',22,'Kebbi State'),(455,'Koko Besse',22,'Kebbi State'),(456,'Maiyama',22,'Kebbi State'),(457,'Ngaski',22,'Kebbi State'),(458,'Sakaba',22,'Kebbi State'),(459,'Shanga',22,'Kebbi State'),(460,'Suru',22,'Kebbi State'),(461,'Wasagu Danko',22,'Kebbi State'),(462,'Yauri',22,'Kebbi State'),(463,'Zuru',22,'Kebbi State'),(464,'Asa',23,'Kwara State'),(465,'Baruten',23,'Kwara State'),(466,'Edu',23,'Kwara State'),(467,'Ekiti',23,'Kwara State'),(468,'Ifelodun',23,'Kwara State'),(469,'Ilorin East',23,'Kwara State'),(470,'Ilorin South',23,'Kwara State'),(471,'Ilorin West',23,'Kwara State'),(472,'Irepodun',23,'Kwara State'),(473,'Isin',23,'Kwara State'),(474,'Kaiama',23,'Kwara State'),(475,'Moro',23,'Kwara State'),(476,'Offa',23,'Kwara State'),(477,'Oke Ero',23,'Kwara State'),(478,'Oyun',23,'Kwara State'),(479,'Pategi',23,'Kwara State'),(480,'Agege',24,'Lagos State'),(481,'Ajeromi-Ifelodun',24,'Lagos State'),(482,'Alimosho',24,'Lagos State'),(483,'Amuwo-Odofin',24,'Lagos State'),(484,'Apapa',24,'Lagos State'),(485,'Badagry',24,'Lagos State'),(486,'Epe',24,'Lagos State'),(487,'Eti Osa',24,'Lagos State'),(488,'Ibeju-Lekki',24,'Lagos State'),(489,'Ifako-Ijaiye',24,'Lagos State'),(490,'Ikeja',24,'Lagos State'),(491,'Ikorodu',24,'Lagos State'),(492,'Kosofe',24,'Lagos State'),(493,'Lagos Island',24,'Lagos State'),(494,'Lagos Mainland',24,'Lagos State'),(495,'Mushin',24,'Lagos State'),(496,'Ojo',24,'Lagos State'),(497,'Oshodi-Isolo',24,'Lagos State'),(498,'Shomolu',24,'Lagos State'),(499,'Surulere',24,'Lagos State'),(500,'Akwanga',25,'Nasarawa State'),(501,'Awe',25,'Nasarawa State'),(502,'Doma',25,'Nasarawa State'),(503,'Karu',25,'Nasarawa State'),(504,'Keana',25,'Nasarawa State'),(505,'Keffi',25,'Nasarawa State'),(506,'Kokona',25,'Nasarawa State'),(507,'Lafia',25,'Nasarawa State'),(508,'Nasarawa',25,'Nasarawa State'),(509,'Nasarawa Egon',25,'Nasarawa State'),(510,'Obi',25,'Nasarawa State'),(511,'Toto',25,'Nasarawa State'),(512,'Wamba',25,'Nasarawa State'),(513,'Agaie',26,'Niger State'),(514,'Agwara',26,'Niger State'),(515,'Bida',26,'Niger State'),(516,'Borgu',26,'Niger State'),(517,'Bosso',26,'Niger State'),(518,'Chanchaga',26,'Niger State'),(519,'Edati',26,'Niger State'),(520,'Gbako',26,'Niger State'),(521,'Gurara',26,'Niger State'),(522,'Katcha',26,'Niger State'),(523,'Kontagora',26,'Niger State'),(524,'Lapai',26,'Niger State'),(525,'Lavun',26,'Niger State'),(526,'Magama',26,'Niger State'),(527,'Mariga',26,'Niger State'),(528,'Mashegu',26,'Niger State'),(529,'Mokwa',26,'Niger State'),(530,'Moya',26,'Niger State'),(531,'Paikoro',26,'Niger State'),(532,'Rafi',26,'Niger State'),(533,'Rijau',26,'Niger State'),(534,'Shiroro',26,'Niger State'),(535,'Suleja',26,'Niger State'),(536,'Tafa',26,'Niger State'),(537,'Wushishi',26,'Niger State'),(538,'Abeokuta North',27,'Ogun State'),(539,'Abeokuta South',27,'Ogun State'),(540,'Ado-Odo Ota',27,'Ogun State'),(541,'Egbado North',27,'Ogun State'),(542,'Egbado South',27,'Ogun State'),(543,'Ewekoro',27,'Ogun State'),(544,'Ifo',27,'Ogun State'),(545,'Ijebu East',27,'Ogun State'),(546,'Ijebu North',27,'Ogun State'),(547,'Ijebu North East',27,'Ogun State'),(548,'Ijebu Ode',27,'Ogun State'),(549,'Ikenne',27,'Ogun State'),(550,'Imeko Afon',27,'Ogun State'),(551,'Ipokia',27,'Ogun State'),(552,'Obafemi Owode',27,'Ogun State'),(553,'Odeda',27,'Ogun State'),(554,'Odogbolu',27,'Ogun State'),(555,'Ogun Waterside',27,'Ogun State'),(556,'Remo North',27,'Ogun State'),(557,'Shagamu',27,'Ogun State'),(558,'Akoko North-East',28,'Ondo State'),(559,'Akoko North-West',28,'Ondo State'),(560,'Akoko South-West',28,'Ondo State'),(561,'Akoko South-East',28,'Ondo State'),(562,'Akure North',28,'Ondo State'),(563,'Akure South',28,'Ondo State'),(564,'Ese Odo',28,'Ondo State'),(565,'Idanre',28,'Ondo State'),(566,'Ilaje',28,'Ondo State'),(567,'Ile Oluji Okeigbo',28,'Ondo State'),(568,'Irele',28,'Ondo State'),(569,'Odigbo',28,'Ondo State'),(570,'Okitipupa',28,'Ondo State'),(571,'Ondo East',28,'Ondo State'),(572,'Ondo West',28,'Ondo State'),(573,'Ose',28,'Ondo State'),(574,'Owo',28,'Ondo State'),(575,'Atakunmosa East',29,'Osun State'),(576,'Atakunmosa West',29,'Osun State'),(577,'Aiyedaade',29,'Osun State'),(578,'Aiyedire',29,'Osun State'),(579,'Boluwaduro',29,'Osun State'),(580,'Boripe',29,'Osun State'),(581,'Ede North',29,'Osun State'),(582,'Ede South',29,'Osun State'),(583,'Ife Central',29,'Osun State'),(584,'Ife East',29,'Osun State'),(585,'Ife North',29,'Osun State'),(586,'Ife South',29,'Osun State'),(587,'Egbedore',29,'Osun State'),(588,'Ejigbo',29,'Osun State'),(589,'Ifedayo',29,'Osun State'),(590,'Ifelodun',29,'Osun State'),(591,'Ila',29,'Osun State'),(592,'Ilesa East',29,'Osun State'),(593,'Ilesa West',29,'Osun State'),(594,'Irepodun',29,'Osun State'),(595,'Irewole',29,'Osun State'),(596,'Isokan',29,'Osun State'),(597,'Iwo',29,'Osun State'),(598,'Obokun',29,'Osun State'),(599,'Odo Otin',29,'Osun State'),(600,'Ola Oluwa',29,'Osun State'),(601,'Olorunda',29,'Osun State'),(602,'Oriade',29,'Osun State'),(603,'Orolu',29,'Osun State'),(604,'Osogbo',29,'Osun State'),(605,'Afijio',30,'Oyo State'),(606,'Akinyele',30,'Oyo State'),(607,'Atiba',30,'Oyo State'),(608,'Atisbo',30,'Oyo State'),(609,'Egbeda',30,'Oyo State'),(610,'Ibadan North',30,'Oyo State'),(611,'Ibadan North-East',30,'Oyo State'),(612,'Ibadan North-West',30,'Oyo State'),(613,'Ibadan South-East',30,'Oyo State'),(614,'Ibadan South-West',30,'Oyo State'),(615,'Ibarapa Central',30,'Oyo State'),(616,'Ibarapa East',30,'Oyo State'),(617,'Ibarapa North',30,'Oyo State'),(618,'Ido',30,'Oyo State'),(619,'Irepo',30,'Oyo State'),(620,'Iseyin',30,'Oyo State'),(621,'Itesiwaju',30,'Oyo State'),(622,'Iwajowa',30,'Oyo State'),(623,'Kajola',30,'Oyo State'),(624,'Lagelu',30,'Oyo State'),(625,'Ogbomosho North',30,'Oyo State'),(626,'Ogbomosho South',30,'Oyo State'),(627,'Ogo Oluwa',30,'Oyo State'),(628,'Olorunsogo',30,'Oyo State'),(629,'Oluyole',30,'Oyo State'),(630,'Ona Ara',30,'Oyo State'),(631,'Orelope',30,'Oyo State'),(632,'Ori Ire',30,'Oyo State'),(633,'Oyo',30,'Oyo State'),(634,'Oyo East',30,'Oyo State'),(635,'Saki East',30,'Oyo State'),(636,'Saki West',30,'Oyo State'),(637,'Surulere',30,'Oyo State'),(638,'Bokkos',31,'Plateau State'),(639,'Barkin Ladi',31,'Plateau State'),(640,'Bassa',31,'Plateau State'),(641,'Jos East',31,'Plateau State'),(642,'Jos North',31,'Plateau State'),(643,'Jos South',31,'Plateau State'),(644,'Kanam',31,'Plateau State'),(645,'Kanke',31,'Plateau State'),(646,'Langtang South',31,'Plateau State'),(647,'Langtang North',31,'Plateau State'),(648,'Mangu',31,'Plateau State'),(649,'Mikang',31,'Plateau State'),(650,'Pankshin',31,'Plateau State'),(651,'Quaan Pan',31,'Plateau State'),(652,'Riyom',31,'Plateau State'),(653,'Shendam',31,'Plateau State'),(654,'Wase',31,'Plateau State'),(655,'Abua Odual',32,'Rivers State'),(656,'Ahoada East',32,'Rivers State'),(657,'Ahoada West',32,'Rivers State'),(658,'Akuku-Toru',32,'Rivers State'),(659,'Andoni',32,'Rivers State'),(660,'Asari-Toru',32,'Rivers State'),(661,'Bonny',32,'Rivers State'),(662,'Degema',32,'Rivers State'),(663,'Eleme',32,'Rivers State'),(664,'Emuoha',32,'Rivers State'),(665,'Etche',32,'Rivers State'),(666,'Gokana',32,'Rivers State'),(667,'Ikwerre',32,'Rivers State'),(668,'Khana',32,'Rivers State'),(669,'Obio Akpor',32,'Rivers State'),(670,'Ogba Egbema doni',32,'Rivers State'),(671,'Ogu Bolo',32,'Rivers State'),(672,'Okrika',32,'Rivers State'),(673,'Omuma',32,'Rivers State'),(674,'Opobo Nkoro',32,'Rivers State'),(675,'Oyigbo',32,'Rivers State'),(676,'Port Harcourt',32,'Rivers State'),(677,'Tai',32,'Rivers State'),(678,'Binji',33,'Sokoto State'),(679,'Bodinga',33,'Sokoto State'),(680,'Dange Shuni',33,'Sokoto State'),(681,'Gada',33,'Sokoto State'),(682,'Goronyo',33,'Sokoto State'),(683,'Gudu',33,'Sokoto State'),(684,'Gwadabawa',33,'Sokoto State'),(685,'Illela',33,'Sokoto State'),(686,'Isa',33,'Sokoto State'),(687,'Kebbe',33,'Sokoto State'),(688,'Kware',33,'Sokoto State'),(689,'Rabah',33,'Sokoto State'),(690,'Sabon Birni',33,'Sokoto State'),(691,'Shagari',33,'Sokoto State'),(692,'Silame',33,'Sokoto State'),(693,'Sokoto North',33,'Sokoto State'),(694,'Sokoto South',33,'Sokoto State'),(695,'Tambuwal',33,'Sokoto State'),(696,'Tangaza',33,'Sokoto State'),(697,'Tureta',33,'Sokoto State'),(698,'Wamako',33,'Sokoto State'),(699,'Wurno',33,'Sokoto State'),(700,'Yabo',33,'Sokoto State'),(701,'Ardo Kola',34,'Taraba State'),(702,'Bali',34,'Taraba State'),(703,'Donga',34,'Taraba State'),(704,'Gashaka',34,'Taraba State'),(705,'Gassol',34,'Taraba State'),(706,'Ibi',34,'Taraba State'),(707,'Jalingo',34,'Taraba State'),(708,'Karim Lamido',34,'Taraba State'),(709,'Kumi',34,'Taraba State'),(710,'Lau',34,'Taraba State'),(711,'Sardauna',34,'Taraba State'),(712,'Takum',34,'Taraba State'),(713,'Ussa',34,'Taraba State'),(714,'Wukari',34,'Taraba State'),(715,'Yorro',34,'Taraba State'),(716,'Zing',34,'Taraba State'),(717,'Bade',35,'Yobe State'),(718,'Bursari',35,'Yobe State'),(719,'Damaturu',35,'Yobe State'),(720,'Fika',35,'Yobe State'),(721,'Fune',35,'Yobe State'),(722,'Geidam',35,'Yobe State'),(723,'Gujba',35,'Yobe State'),(724,'Gulani',35,'Yobe State'),(725,'Jakusko',35,'Yobe State'),(726,'Karasuwa',35,'Yobe State'),(727,'Machina',35,'Yobe State'),(728,'Nangere',35,'Yobe State'),(729,'Nguru',35,'Yobe State'),(730,'Potiskum',35,'Yobe State'),(731,'Tarmuwa',35,'Yobe State'),(732,'Yunusari',35,'Yobe State'),(733,'Yusufari',35,'Yobe State'),(734,'Anka',36,'Zamfara State'),(735,'Bakura',36,'Zamfara State'),(736,'Birnin MagajiKiyaw',36,'Zamfara State'),(737,'Bukkuyum',36,'Zamfara State'),(738,'Bungudu',36,'Zamfara State'),(739,'Gummi',36,'Zamfara State'),(740,'Gusau',36,'Zamfara State'),(741,'Kaura Namoda',36,'Zamfara State'),(742,'Maradun',36,'Zamfara State'),(743,'Maru',36,'Zamfara State'),(744,'Shinkafi',36,'Zamfara State'),(745,'Talata Mafara',36,'Zamfara State'),(746,'Chafe',36,'Zamfara State'),(747,'Zurmi',36,'Zamfara State');
/*!40000 ALTER TABLE `local` ENABLE KEYS */;
UNLOCK TABLES;

--
-- Table structure for table `state`
--

DROP TABLE IF EXISTS `state`;
/*!40101 SET @saved_cs_client     = @@character_set_client */;
/*!40101 SET character_set_client = utf8 */;
CREATE TABLE `state` (
  `id` int(11) NOT NULL AUTO_INCREMENT,
  `name` varchar(60) DEFAULT NULL,
  PRIMARY KEY (`id`)
) ENGINE=InnoDB AUTO_INCREMENT=37 DEFAULT CHARSET=utf8mb4;
/*!40101 SET character_set_client = @saved_cs_client */;

--
-- Dumping data for table `state`
--

LOCK TABLES `state` WRITE;
/*!40000 ALTER TABLE `state` DISABLE KEYS */;
INSERT INTO `state` VALUES (1,'Abia State'),(2,'Adamawa State'),(3,'Akwa Ibom State'),(4,'Anambra State'),(5,'Bauchi State'),(6,'Bayelsa State'),(7,'Benue State'),(8,'Borno State'),(9,'Cross River State'),(10,'Delta State'),(11,'Ebonyi State'),(12,'Edo State'),(13,'Ekiti State'),(14,'Enugu State'),(15,'FCT'),(16,'Gombe State'),(17,'Imo State'),(18,'Jigawa State'),(19,'Kaduna State'),(20,'Kano State'),(21,'Katsina State'),(22,'Kebbi State'),(23,'Kwara State'),(24,'Lagos State'),(25,'Nasarawa State'),(26,'Niger State'),(27,'Ogun State'),(28,'Ondo State'),(29,'Osun State'),(30,'Oyo State'),(31,'Plateau State'),(32,'Rivers State'),(33,'Sokoto State'),(34,'Taraba State'),(35,'Yobe State'),(36,'Zamfara State');
/*!40000 ALTER TABLE `state` ENABLE KEYS */;
UNLOCK TABLES;

--
-- Table structure for table `students`
--

DROP TABLE IF EXISTS `students`;
/*!40101 SET @saved_cs_client     = @@character_set_client */;
/*!40101 SET character_set_client = utf8 */;
CREATE TABLE `students` (
  `id` int(11) NOT NULL AUTO_INCREMENT,
  `firstname` varchar(60) DEFAULT NULL,
  `lastname` varchar(60) DEFAULT NULL,
  `middlename` varchar(60) DEFAULT NULL,
  `dateofbirth` date DEFAULT NULL,
  `gender` varchar(50) DEFAULT NULL,
  `state` varchar(60) DEFAULT NULL,
  `nextofkin` varchar(60) DEFAULT NULL,
  `emailaddress` varchar(80) DEFAULT NULL,
  `address` varchar(120) DEFAULT NULL,
  `local` varchar(60) DEFAULT NULL,
  `jambscore` int(11) DEFAULT NULL,
  `admis_status` varchar(60) DEFAULT NULL,
  `phonenumber` varchar(11) DEFAULT NULL,
  `img_string` varchar(50) DEFAULT NULL,
  PRIMARY KEY (`id`)
) ENGINE=InnoDB AUTO_INCREMENT=5 DEFAULT CHARSET=utf8mb4;
/*!40101 SET character_set_client = @saved_cs_client */;

--
-- Dumping data for table `students`
--

LOCK TABLES `students` WRITE;
/*!40000 ALTER TABLE `students` DISABLE KEYS */;
INSERT INTO `students` VALUES (1,'Dean','ukanah','onesi','2022-05-12','male','Edo State','David','uk@gmail.com','jgeeds','Akoko-Edo',246,'admitted','09010032477','ffG798SVx0'),(2,'Esther','Grenda','Keel','2022-05-12','female','Gombe State','Fleekd','grend@gma.com','Hleeos','Balanga',211,'admitted','09010032565','AwnzJ673M0'),(3,'Sarah','Machenster','Nkechi','2022-05-11','female','Ekiti State','Nkechi','nke@ee.com','Beside the Sing Flat 2f','Ilejemeje',332,'admitted','09012224355','9Db9h4HZe0'),(4,'Grace','Ogbon','Florence','2022-01-03','female','Gombe State','grace','flor@gm.com','Beside Singing Hall, 3rd Avenue','Dukku',333,'undecided','08133353299','1RUkS55vk0');
/*!40000 ALTER TABLE `students` ENABLE KEYS */;
UNLOCK TABLES;
/*!40103 SET TIME_ZONE=@OLD_TIME_ZONE */;

/*!40101 SET SQL_MODE=@OLD_SQL_MODE */;
/*!40014 SET FOREIGN_KEY_CHECKS=@OLD_FOREIGN_KEY_CHECKS */;
/*!40014 SET UNIQUE_CHECKS=@OLD_UNIQUE_CHECKS */;
/*!40101 SET CHARACTER_SET_CLIENT=@OLD_CHARACTER_SET_CLIENT */;
/*!40101 SET CHARACTER_SET_RESULTS=@OLD_CHARACTER_SET_RESULTS */;
/*!40101 SET COLLATION_CONNECTION=@OLD_COLLATION_CONNECTION */;
/*!40111 SET SQL_NOTES=@OLD_SQL_NOTES */;

-- Dump completed on 2022-05-26 23:44:41
